Quarter,TransactionVolume,QoQ,YoY,Source,Updated
2001-Q1,9061,,,HDB,2026/7/30
2001-Q2,9242,2.0%,,HDB,2026/7/30
2001-Q3,9393,1.6%,,HDB,2026/7/30
2001-Q4,8822,-6.1%,,HDB,2026/7/30
2002-Q1,9527,8.0%,5.1%,HDB,2026/7/30
2002-Q2,9862,3.5%,6.7%,HDB,2026/7/30
2002-Q3,9844,-0.2%,4.8%,HDB,2026/7/30
2002-Q4,9133,-7.2%,3.5%,HDB,2026/7/30
2003-Q1,9434,3.3%,-1.0%,HDB,2026/7/30
2003-Q2,8860,-6.1%,-10.2%,HDB,2026/7/30
2003-Q3,8671,-2.1%,-11.9%,HDB,2026/7/30
2003-Q4,6833,-21.2%,-25.2%,HDB,2026/7/30
2004-Q1,6594,-3.5%,-30.1%,HDB,2026/7/30
2004-Q2,6891,4.5%,-22.2%,HDB,2026/7/30
2004-Q3,8685,26.0%,0.2%,HDB,2026/7/30
2004-Q4,8191,-5.7%,19.9%,HDB,2026/7/30
2005-Q1,6544,-20.1%,-0.8%,HDB,2026/7/30
2005-Q2,6941,6.1%,0.7%,HDB,2026/7/30
2005-Q3,7436,7.1%,-14.4%,HDB,2026/7/30
2005-Q4,8047,8.2%,-1.8%,HDB,2026/7/30
2006-Q1,7375,-8.4%,12.7%,HDB,2026/7/30
2006-Q2,7446,1.0%,7.3%,HDB,2026/7/30
2006-Q3,7177,-3.6%,-3.5%,HDB,2026/7/30
2006-Q4,6685,-6.9%,-16.9%,HDB,2026/7/30
2007-Q1,7045,5.4%,-4.5%,HDB,2026/7/30
2007-Q2,7270,3.2%,-2.4%,HDB,2026/7/30
2007-Q3,6427,-11.6%,-10.5%,HDB,2026/7/30
2007-Q4,6586,2.5%,-1.5%,HDB,2026/7/30
2008-Q1,6454,-2.0%,-8.4%,HDB,2026/7/30
2008-Q2,7248,12.3%,-0.3%,HDB,2026/7/30
2008-Q3,6694,-7.6%,4.2%,HDB,2026/7/30
2008-Q4,6458,-3.5%,-1.9%,HDB,2026/7/30
2009-Q1,6789,5.1%,5.2%,HDB,2026/7/30
2009-Q2,7147,5.3%,-1.4%,HDB,2026/7/30
2009-Q3,6868,-3.9%,2.6%,HDB,2026/7/30
2009-Q4,6303,-8.2%,-2.4%,HDB,2026/7/30
2010-Q1,6961,10.4%,2.5%,HDB,2026/7/30
2010-Q2,8138,16.9%,13.9%,HDB,2026/7/30
2010-Q3,9080,11.6%,32.2%,HDB,2026/7/30
2010-Q4,8507,-6.3%,35.0%,HDB,2026/7/30
2011-Q1,9365,10.1%,34.5%,HDB,2026/7/30
2011-Q2,9979,6.6%,22.6%,HDB,2026/7/30
2011-Q3,7003,-29.8%,-22.9%,HDB,2026/7/30
2011-Q4,5869,-16.2%,-31.0%,HDB,2026/7/30
2012-Q1,2360,-59.8%,-74.8%,HDB,2026/7/30
2012-Q2,6471,174.2%,-35.2%,HDB,2026/7/30
2012-Q3,6014,-7.1%,-14.1%,HDB,2026/7/30
2012-Q4,5165,-14.1%,-12.0%,HDB,2026/7/30
2013-Q1,3825,-25.9%,62.1%,HDB,2026/7/30
2013-Q2,4614,20.6%,-28.7%,HDB,2026/7/30
2013-Q3,4050,-12.2%,-32.7%,HDB,2026/7/30
2013-Q4,3608,-10.9%,-30.1%,HDB,2026/7/30
2014-Q1,3501,-3.0%,-8.5%,HDB,2026/7/30
2014-Q2,4227,20.7%,-8.4%,HDB,2026/7/30
2014-Q3,4153,-1.8%,2.5%,HDB,2026/7/30
2014-Q4,4215,1.5%,16.8%,HDB,2026/7/30
2015-Q1,3749,-11.1%,7.1%,HDB,2026/7/30
2015-Q2,4903,30.8%,16.0%,HDB,2026/7/30
2015-Q3,4498,-8.3%,8.3%,HDB,2026/7/30
2015-Q4,4630,2.9%,9.8%,HDB,2026/7/30
2016-Q1,4135,-10.7%,10.3%,HDB,2026/7/30
2016-Q2,5480,32.5%,11.8%,HDB,2026/7/30
2016-Q3,5122,-6.5%,13.9%,HDB,2026/7/30
2016-Q4,4636,-9.5%,0.1%,HDB,2026/7/30
2017-Q1,4173,-10.0%,0.9%,HDB,2026/7/30
2017-Q2,5566,33.4%,1.6%,HDB,2026/7/30
2017-Q3,5420,-2.6%,5.8%,HDB,2026/7/30
2017-Q4,5350,-1.3%,15.4%,HDB,2026/7/30
2018-Q1,4136,-22.7%,-0.9%,HDB,2026/7/30
2018-Q2,5553,34.3%,-0.2%,HDB,2026/7/30
2018-Q3,6591,18.7%,21.6%,HDB,2026/7/30
2018-Q4,5281,-19.9%,-1.3%,HDB,2026/7/30
2019-Q1,4507,-14.7%,9.0%,HDB,2026/7/30
2019-Q2,5869,30.2%,5.7%,HDB,2026/7/30
2019-Q3,5846,-0.4%,-11.3%,HDB,2026/7/30
2019-Q4,5964,2.0%,12.9%,HDB,2026/7/30
2020-Q1,5509,-7.6%,22.2%,HDB,2026/7/30
2020-Q2,3225,-41.5%,-45.1%,HDB,2026/7/30
2020-Q3,7364,128.3%,26.0%,HDB,2026/7/30
2020-Q4,7235,-1.8%,21.3%,HDB,2026/7/30
2021-Q1,7094,-1.9%,28.8%,HDB,2026/7/30
2021-Q2,6592,-7.1%,104.4%,HDB,2026/7/30
2021-Q3,7914,20.1%,7.5%,HDB,2026/7/30
2021-Q4,7487,-5.4%,3.5%,HDB,2026/7/30
2022-Q1,6599,-11.9%,-7.0%,HDB,2026/7/30
2022-Q2,6551,-0.7%,-0.6%,HDB,2026/7/30
2022-Q3,7248,10.6%,-8.4%,HDB,2026/7/30
2022-Q4,6322,-12.8%,-15.6%,HDB,2026/7/30
2023-Q1,6665,5.4%,1.0%,HDB,2026/7/30
2023-Q2,6275,-5.9%,-4.2%,HDB,2026/7/30
2023-Q3,6493,3.5%,-10.4%,HDB,2026/7/30
2023-Q4,6321,-2.6%,0.0%,HDB,2026/7/30
2024-Q1,6790,7.4%,1.9%,HDB,2026/7/30
2024-Q2,7031,3.5%,12.0%,HDB,2026/7/30
2024-Q3,7831,11.4%,20.6%,HDB,2026/7/30
2024-Q4,6180,-21.1%,-2.2%,HDB,2026/7/30
2025-Q1,6303,2.0%,-7.2%,HDB,2026/7/30
2025-Q2,6823,8.3%,-3.0%,HDB,2026/7/30
2025-Q3,6939,1.7%,-11.4%,HDB,2026/7/30
2025-Q4,5021,-27.6%,-18.8%,HDB,2026/7/30
2026-Q1,6056,20.6%,-3.9%,HDB,2026/7/30
2026-Q2,904,-85.1%,-86.8%,HDB,2026/7/30
